index,油耗,功率,费用,安全性,维护性,操作性
本田,0.28190038414442076,0.3099541985888046,0.2199348739077768,0.2716950224577554,0.3367283047555035,0.3532809508755069
奥迪,0.35183010369174933,0.35014886968823195,0.35685687149237616,0.3643602786418645,0.3367283047555035,0.3672249094679756
桑塔纳,0.3404515253967824,0.3397637136524071,0.3006371072010759,0.3367283047555035,0.3643602786418645,0.3170497356898811
别克,0.3675719558217039,0.36523688213814387,0.3555735263998539,0.3643602786418645,0.3367283047555035,0.3170497356898811
