index,油耗,功率,费用,安全性,维护性,操作性,score
本田,0.14705882352941177,0.1818181818181818,0.09230769230769231,0.13636363636363635,0.22727272727272727,0.2692307692307692,0.13625033840009398
奥迪,0.2647058823529412,0.2597402597402597,0.46153846153846156,0.3181818181818182,0.22727272727272727,0.34615384615384615,0.37650268696148714
桑塔纳,0.23529411764705882,0.23376623376623376,0.16923076923076924,0.22727272727272727,0.3181818181818182,0.19230769230769232,0.2001800681036455
别克,0.35294117647058826,0.3246753246753247,0.27692307692307694,0.3181818181818182,0.22727272727272727,0.19230769230769232,0.28706690653477357
